,Population density,Internet downloading speed,Projected number of hot days,Population,Dependency ratio,Population exposure to coastal flooding,Population exposure to PM2.5
1,0.29574986039368983,0.49319765109238795,0.036733660694672696,0.01526130346963126,0.17362526934188788,0.016182186234817812,0.23185768610630192
2,0.44681513409961693,0.4494494494494494,0.07276438448597781,0.5146784166125179,0.14823654203129144,0.006333333333333333,0.47818034613957977
3,0.03582294107800468,0.3504329572290737,0.49559348757568283,0.018151414865941344,0.15109368121046413,0.0035048543689320385,0.23686790138502958
4,0.0864161121193789,0.4036843861405265,0.05993419381833531,0.009598598938327384,0.13574392757284354,0.008596491228070175,0.20693735977618993
5,0.0823697397169184,0.40096294641749186,0.07144048596916454,0.010148506888267017,0.3186519129239893,0.01184848484848485,0.2128726382617649
6,0.1501222140454163,0.4411118435508679,0.04042748534210197,0.01593579212844544,0.1987455614412946,0.01971951219512195,0.5010380939325204
7,0.19385296934865903,0.4345345345345345,0.003903573025177243,0.006360180884145101,0.21064704322460884,0.8373111111111111,0.24174901400920362
